ID,seed
ISIC_0000001,391159702
ISIC_0000004,272794070
ISIC_0000003,888460152
ISIC_0000004,733235153
ISIC_0000004,1020807470
ISIC_0000006,613128660
ISIC_0000002,615801649
ISIC_0000004,855651122
ISIC_0000013,395173580
ISIC_0000002,370725353
ISIC_0000009,816675037
ISIC_0000013,214392587
ISIC_0000002,321566560
ISIC_0000013,251847097
ISIC_0000016,1062303041
ISIC_0000002,783042052
ISIC_0000013,514243158
ISIC_0000015,692150318
ISIC_0000014,416150965
ISIC_0000023,1016339250
ISIC_0000022,1070611830
ISIC_0000026,981872912
ISIC_0000022,982153862
ISIC_0000026,163773588
ISIC_0000022,100227394
ISIC_0000026,959875285
ISIC_0000022,896665639
ISIC_0000030,936215159
ISIC_0000026,618453567
ISIC_0000029,524304769
ISIC_0000031,99423490
ISIC_0000030,149931809
ISIC_0000032,44379070
ISIC_0000029,279788284
ISIC_0000031,208326488
ISIC_0000030,614459131
ISIC_0000035,842931649
ISIC_0000037,930202585
ISIC_0000029,337573067
ISIC_0000036,811477496
ISIC_0000031,915637919
ISIC_0000030,902084324
ISIC_0000035,844422344
ISIC_0000029,611660244
ISIC_0000036,867412026
ISIC_0000031,79583391
ISIC_0000035,941857159
ISIC_0000036,85294074
ISIC_0000035,35103213
ISIC_0000038,496718291
ISIC_0000036,246450749
ISIC_0000040,206024808
ISIC_0000040,961217798
ISIC_0000041,1033404636
ISIC_0000040,471010303
ISIC_0000040,849156045
ISIC_0000042,655302823
ISIC_0000043,457823603
ISIC_0000043,379204339
ISIC_0000044,856332728
ISIC_0000043,827092549
ISIC_0000045,245464489
ISIC_0000043,234745217
ISIC_0000046,911164795
ISIC_0000046,590584011
ISIC_0000046,835554937
ISIC_0000050,621989773
ISIC_0000046,849156164
ISIC_0000049,970392925
ISIC_0000054,706011909
ISIC_0000049,317719666
ISIC_0000054,59083795
ISIC_0000049,963538464
ISIC_0000054,804858701
ISIC_0000049,315101775
ISIC_0000057,647781356
ISIC_0000054,379755457
ISIC_0000056,2164632
ISIC_0000059,926394595
ISIC_0000056,247827297
ISIC_0000061,186963870
ISIC_0000056,982636383
ISIC_0000056,941811360
ISIC_0000068,632528116
ISIC_0000071,596951402
ISIC_0000073,780751996
ISIC_0000072,1003440869
ISIC_0000074,1068906696
ISIC_0000074,940215586
ISIC_0000075,722705356
ISIC_0000074,544182856
ISIC_0000074,635665102
ISIC_0000077,454031610
ISIC_0000078,582638973
ISIC_0000077,1025819960
ISIC_0000079,411447281
ISIC_0000078,423160672
ISIC_0000077,586370326
ISIC_0000078,180546325
ISIC_0000077,445052652
ISIC_0000078,725573000
ISIC_0000081,808832706
ISIC_0000082,349960296
ISIC_0000080,316346015
ISIC_0000088,555037611
ISIC_0000086,1016840496
ISIC_0000089,31709827
ISIC_0000092,614538587
ISIC_0000099,832649452
ISIC_0000101,611367250
ISIC_0000102,567830449
ISIC_0000103,690365095
ISIC_0000108,700043916
ISIC_0000105,458287543
ISIC_0000110,935230801
ISIC_0000112,413715324
ISIC_0000118,46748094
ISIC_0000116,535450787
ISIC_0000119,515988542
ISIC_0000123,758338755
ISIC_0000122,190170023
ISIC_0000113,902173324
ISIC_0000125,795598046
ISIC_0000124,542307508
ISIC_0000127,366556253
ISIC_0000130,7187976
ISIC_0000129,562719908
ISIC_0000131,46613426
ISIC_0000133,286336611
ISIC_0000137,946670178
ISIC_0000142,967852521
ISIC_0000141,791202559
ISIC_0000146,116916224
ISIC_0000142,418093409
ISIC_0000141,40964796
ISIC_0000145,20275166
ISIC_0000146,803363678
ISIC_0000142,11351760
ISIC_0000141,150263688
ISIC_0000145,261564515
ISIC_0000146,354166364
ISIC_0000143,594342341
ISIC_0000142,457696456
ISIC_0000141,680784825
ISIC_0000140,184954492
ISIC_0000145,780464227
ISIC_0000146,475486410
ISIC_0000147,1033563877
ISIC_0000139,403736109
ISIC_0000143,442747540
ISIC_0000145,556518534
ISIC_0000147,349956723
ISIC_0000140,463669295
ISIC_0000147,337212397
ISIC_0000143,555166458
ISIC_0000139,964354522
ISIC_0000147,465283228
ISIC_0000140,140454621
ISIC_0000143,1067966929
ISIC_0000139,189613137
ISIC_0000140,268481314
ISIC_0000149,534862916
ISIC_0000139,964386884
ISIC_0000148,557015257
ISIC_0000149,746454321
ISIC_0000149,103264689
ISIC_0000148,968048041
ISIC_0000149,681734684
ISIC_0000148,251207371
ISIC_0000148,566626806
ISIC_0000150,842745261
ISIC_0000150,1018425068
ISIC_0000151,75043922
ISIC_0000150,83619001
ISIC_0000151,64219039
ISIC_0000150,1060744232
ISIC_0000151,205782431
ISIC_0000152,208136786
ISIC_0000151,21799303
ISIC_0000153,766252711
ISIC_0000152,872366716
ISIC_0000154,71282109
ISIC_0000154,718011541
ISIC_0000153,34564551
ISIC_0000152,1024476591
ISIC_0000154,269713288
ISIC_0000153,470640824
ISIC_0000154,1011278319
ISIC_0000152,825682424
ISIC_0000153,1039048847
ISIC_0000155,625297184
ISIC_0000155,253797456
ISIC_0000156,625603883
ISIC_0000155,524065
ISIC_0000157,499110357
ISIC_0000156,508227791
ISIC_0000155,705062772
ISIC_0000157,691932595
ISIC_0000157,826730258
ISIC_0000157,138762866
ISIC_0000156,39776855
ISIC_0000159,1064440631
ISIC_0000159,696187215
ISIC_0000156,535132421
ISIC_0000159,927025077
ISIC_0000159,650738654
ISIC_0000160,721422369
ISIC_0000160,290859619
ISIC_0000160,828142390
ISIC_0000160,107964123
ISIC_0000161,520030586
ISIC_0000161,654186702
ISIC_0000161,317487701
ISIC_0000161,797806808
ISIC_0000162,819484969
ISIC_0000162,483277871
ISIC_0000163,428436944
ISIC_0000162,112374683
ISIC_0000163,718851031
ISIC_0000162,785969211
ISIC_0000163,168259898
ISIC_0000163,528246321
ISIC_0000164,152468799
ISIC_0000164,920690344
ISIC_0000164,589909505
ISIC_0000164,389310626
ISIC_0000165,28259155
ISIC_0000165,342303798
ISIC_0000165,281855069
ISIC_0000165,1043045974
ISIC_0000166,447713108
ISIC_0000166,81569423
ISIC_0000166,710949376
ISIC_0000166,654611636
ISIC_0000167,624221071
ISIC_0000169,909065392
ISIC_0000167,684602683
ISIC_0000169,191521342
ISIC_0000171,729245758
ISIC_0000169,817538364
ISIC_0000167,1008387133
ISIC_0000172,514343168
ISIC_0000169,597553091
ISIC_0000171,26676636
ISIC_0000167,844020822
ISIC_0000172,524245156
ISIC_0000171,422235176
ISIC_0000172,101280065
ISIC_0000171,429167585
ISIC_0000172,146751872
ISIC_0000174,524969603
ISIC_0000174,209151359
ISIC_0000174,1046462378
ISIC_0000174,751491305
ISIC_0000176,42798427
ISIC_0000176,128625267
ISIC_0000176,254633338
ISIC_0000176,758315451
ISIC_0000179,400772515
ISIC_0000190,635715125
ISIC_0000189,551549431
ISIC_0000191,27630478
ISIC_0000196,612932460
ISIC_0000197,975073719
ISIC_0000205,639996608
ISIC_0000206,484129000
ISIC_0000209,110414265
ISIC_0000212,333902991
ISIC_0000211,898541964
ISIC_0000216,801336262
ISIC_0000217,483749939
ISIC_0000219,337035602
ISIC_0000220,582227052
ISIC_0000224,924253848
ISIC_0000226,97391421
ISIC_0000225,609931951
ISIC_0000231,23758609
ISIC_0000233,386906281
ISIC_0000235,243926344
ISIC_0000234,694081910
ISIC_0000243,71624652
ISIC_0000240,932846217
ISIC_0000237,441024906
ISIC_0000244,279476584
ISIC_0000246,633046483
ISIC_0000253,1062835045
ISIC_0000250,488192989
ISIC_0000260,706828115
ISIC_0000269,208707685
ISIC_0000274,377474568
ISIC_0000275,756898856
ISIC_0000276,899960211
ISIC_0000277,426960553
ISIC_0000281,177113899
ISIC_0000283,1033015756
ISIC_0000276,645966851
ISIC_0000277,546223344
ISIC_0000281,806402880
ISIC_0000276,814276644
ISIC_0000283,237977989
ISIC_0000277,926150157
ISIC_0000278,412243715
ISIC_0000281,1059089876
ISIC_0000283,704939949
ISIC_0000276,74918649
ISIC_0000277,8673888
ISIC_0000283,916298066
ISIC_0000278,686079801
ISIC_0000281,1052970444
ISIC_0000282,759858331
ISIC_0000278,290825200
ISIC_0000282,898516517
ISIC_0000285,670692584
ISIC_0000278,625535840
ISIC_0000288,252956128
ISIC_0000282,57678074
ISIC_0000285,1069615206
ISIC_0000288,207357762
ISIC_0000282,927943034
ISIC_0000285,15211394
ISIC_0000290,625999464
ISIC_0000288,58052500
ISIC_0000285,390273012
ISIC_0000289,641119487
ISIC_0000290,884986943
ISIC_0000288,962728091
ISIC_0000290,572499337
ISIC_0000289,913597859
ISIC_0000290,905809393
ISIC_0000289,1010158251
ISIC_0000289,74382379
ISIC_0000295,1028230877
ISIC_0000295,689264653
ISIC_0000295,1045143915
ISIC_0000295,856202354
ISIC_0000293,487246694
ISIC_0000293,384126270
ISIC_0000292,8528814
ISIC_0000297,729192801
ISIC_0000293,1056541924
ISIC_0000294,713497358
ISIC_0000297,403665306
ISIC_0000292,824297358
ISIC_0000297,472784023
ISIC_0000293,943395396
ISIC_0000294,448435635
ISIC_0000299,719486719
ISIC_0000297,186063478
ISIC_0000292,961327393
ISIC_0000298,779586300
ISIC_0000299,602029989
ISIC_0000294,206804973
ISIC_0000298,19865662
ISIC_0000299,291464962
ISIC_0000300,82587037
ISIC_0000292,648941776
ISIC_0000298,6714298
ISIC_0000299,969646543
ISIC_0000301,360106703
ISIC_0000294,87909484
ISIC_0000300,173691406
ISIC_0000298,445982312
ISIC_0000301,693370423
ISIC_0000300,578534479
ISIC_0000301,349172886
ISIC_0000300,821094874
ISIC_0000301,1011831577
ISIC_0000302,25322841
ISIC_0000302,938653128
ISIC_0000302,633179329
ISIC_0000302,953416573
ISIC_0000303,735244148
ISIC_0000303,488565402
ISIC_0000303,235144815
ISIC_0000303,166042405
ISIC_0000306,469706740
ISIC_0000307,452605006
ISIC_0000306,587467170
ISIC_0000310,901067838
ISIC_0000307,858084715
ISIC_0000306,145902269
ISIC_0000310,492297837
ISIC_0000307,503520497
ISIC_0000306,794854873
ISIC_0000313,998806790
ISIC_0000310,716042300
ISIC_0000307,36001430
ISIC_0000311,157571615
ISIC_0000313,103162954
ISIC_0000311,210707881
ISIC_0000310,693219215
ISIC_0000313,232604918
ISIC_0000311,473159893
ISIC_0000313,219343920
ISIC_0000311,890020272
ISIC_0000314,225069861
ISIC_0000314,716086825
ISIC_0000314,973385330
ISIC_0000314,598518208
ISIC_0000316,564486473
ISIC_0000317,832846000
ISIC_0000319,265747242
ISIC_0000325,291660453
ISIC_0000322,742190321
ISIC_0000331,379495757
ISIC_0000332,303002379
ISIC_0000342,5828541
ISIC_0000344,536645859
ISIC_0000341,654960031
ISIC_0000348,457868005
ISIC_0000352,553317123
ISIC_0000350,619032907
ISIC_0000353,702069658
ISIC_0000354,648589651
ISIC_0000364,181246185
ISIC_0000366,580348372
ISIC_0000372,225901355
ISIC_0000371,765710354
ISIC_0000374,45384865
ISIC_0000378,310307550
ISIC_0000380,345080070
ISIC_0000377,140073317
ISIC_0000376,135651328
ISIC_0000379,979891082
ISIC_0000385,459943482
ISIC_0000390,414111891
ISIC_0000390,369027402
ISIC_0000390,196523952
ISIC_0000392,360288354
ISIC_0000396,653883424
ISIC_0000390,815409918
ISIC_0000403,390394571
ISIC_0000393,462025684
ISIC_0000395,1013147694
ISIC_0000407,289049635
ISIC_0000393,69461734
ISIC_0000395,620466959
ISIC_0000393,831957951
ISIC_0000408,210068521
ISIC_0000395,882837907
ISIC_0000393,135610062
ISIC_0000395,366118662
ISIC_0000410,80122371
ISIC_0000410,504313493
ISIC_0000412,101020981
ISIC_0000410,777045387
ISIC_0000410,532882916
ISIC_0000413,1051213546
ISIC_0000412,90909058
ISIC_0000412,63822310
ISIC_0000413,543739751
ISIC_0000415,318754698
ISIC_0000412,615942122
ISIC_0000416,169400735
ISIC_0000413,135361867
ISIC_0000415,954084490
ISIC_0000413,761571744
ISIC_0000415,46369992
ISIC_0000415,475701840
ISIC_0000419,127910318
ISIC_0000420,703377336
ISIC_0000420,517059907
ISIC_0000420,58778864
ISIC_0000423,114635543
ISIC_0000420,637434357
ISIC_0000426,1018424965
ISIC_0000434,500016224
ISIC_0000433,881292925
ISIC_0000436,285389758
ISIC_0000434,832808057
ISIC_0000434,422232291
ISIC_0000447,625197240
ISIC_0000434,1043649288
ISIC_0000442,25123814
ISIC_0000443,104714461
ISIC_0000445,722822331
ISIC_0000444,981204192
ISIC_0000445,391328720
ISIC_0000444,474411526
ISIC_0000445,297892323
ISIC_0000444,886265883
ISIC_0000445,974807739
ISIC_0000444,1031168322
ISIC_0000453,764914474
ISIC_0000451,953063920
ISIC_0000457,308287447
ISIC_0000458,960081387
ISIC_0000461,1047546912
ISIC_0000466,1048323744
ISIC_0000466,273912720
ISIC_0000466,820567613
ISIC_0000467,381234292
ISIC_0000466,1023299358
ISIC_0000468,626843663
ISIC_0000469,181859862
ISIC_0000469,203325470
ISIC_0000469,469398951
ISIC_0000469,884171600
ISIC_0000463,711126340
ISIC_0000476,673095520
ISIC_0000480,982591621
ISIC_0000463,621420861
ISIC_0000482,664775528
ISIC_0000482,1000229114
ISIC_0000482,551506443
ISIC_0000484,875270481
ISIC_0000482,1044453910
ISIC_0000463,541043148
ISIC_0000484,42331710
ISIC_0000484,908357592
ISIC_0000485,1021663177
ISIC_0000484,556397266
ISIC_0000487,789027205
ISIC_0000487,117718487
ISIC_0000487,985404291
ISIC_0000463,748366914
ISIC_0000487,768920102
ISIC_0000490,576441082
ISIC_0000494,281360961
ISIC_0000495,350059574
ISIC_0000496,341192540
ISIC_0000501,490554078
ISIC_0000500,947258188
ISIC_0000511,912280883
ISIC_0000513,1027908761
ISIC_0000511,939971339
ISIC_0000513,895605623
ISIC_0000514,52254874
ISIC_0000511,897249470
ISIC_0000513,411766721
ISIC_0000511,1017583959
ISIC_0000513,977763219
ISIC_0000517,658545701
ISIC_0000516,1020011137
ISIC_0000517,787660359
ISIC_0000516,521980948
ISIC_0000517,435967356
ISIC_0000516,142019807
ISIC_0000517,406823906
ISIC_0000516,915804132
ISIC_0000518,912809762
ISIC_0000518,34185505
ISIC_0000518,986241334
ISIC_0000518,224012307
ISIC_0000522,411837387
ISIC_0000522,754171499
ISIC_0000522,838159271
ISIC_0000522,356465561
ISIC_0000525,451167775
ISIC_0000527,592423632
ISIC_0000531,339418792
ISIC_0000531,945647730
ISIC_0000533,71124027
ISIC_0000531,711970778
ISIC_0000533,834124624
ISIC_0000531,379924141
ISIC_0000533,2334691
ISIC_0000533,653368890
ISIC_0000539,231253845
ISIC_0000541,263258138
ISIC_0000544,492746621
ISIC_0000545,794487458
ISIC_0000519,623600227
ISIC_0000546,963877656
ISIC_0000521,715550902
ISIC_0000504,928724443
ISIC_0000547,464138170
ISIC_0000548,358846084
ISIC_0000547,664599694
ISIC_0000548,543797282
ISIC_0000547,621687286
ISIC_0000548,98041925
ISIC_0000551,142092835
ISIC_0000549,68939021
ISIC_0000547,86150056

ISIC_0000551,1059882026
ISIC_0000549,326870977
ISIC_0000550,293952618
ISIC_0000551,456842615
ISIC_0000549,638705314
ISIC_0000550,373426124
ISIC_0000551,702479148
ISIC_0000549,539310228
ISIC_0000550,640670401
ISIC_0000519,952034131
ISIC_0000550,454972020
ISIC_0000520,448079784
ISIC_0000552,601210097
ISIC_0000552,976255032
ISIC_0000521,433765875
ISIC_0000552,817437186
ISIC_0000552,570439787
ISIC_0000554,1023472154
ISIC_0000554,819258682
ISIC_0000554,706428256
ISIC_0000555,961149803
ISIC_0000519,198906226
ISIC_0000554,869638481
ISIC_0000555,300564948
ISIC_0000520,719529746
ISIC_0000521,672726046
ISIC_0000555,9407320
ISIC_0000555,998806996
ISIC_0000519,943877633
ISIC_0000520,538053599
ISIC_0000521,1035300132
ISIC_0000520,147897538
ISIC_0001100,556060516
ISIC_0001102,360811976
ISIC_0001100,741417760
ISIC_0000882,424971733
ISIC_0001102,297768588
ISIC_0001100,704399559
ISIC_0001103,911960380
ISIC_0001102,333045172
ISIC_0001100,240884242
ISIC_0001102,390444335
ISIC_0001103,42424218
ISIC_0001105,936403005
ISIC_0001105,700736111
ISIC_0001119,654498307
ISIC_0001103,924287779
ISIC_0001105,233717834
ISIC_0001119,493682821
ISIC_0001118,199881605
ISIC_0001103,113871792
ISIC_0001105,714373623
ISIC_0001119,145241828
ISIC_0001118,26157644
ISIC_0001119,640455970
ISIC_0001126,913331115
ISIC_0001118,11181677
ISIC_0001126,994888177
ISIC_0001126,219658439
ISIC_0001118,937500970
ISIC_0001126,828255563
ISIC_0001128,111049631
ISIC_0001128,421494566
ISIC_0001131,795796036
ISIC_0001133,426403020
ISIC_0001128,871187990
ISIC_0001131,521343652
ISIC_0001133,111867721
ISIC_0001134,169679607
ISIC_0001128,61205544
ISIC_0001131,721799783
ISIC_0001133,165859069
ISIC_0001140,695497718
ISIC_0001134,579007300
ISIC_0001140,54571871
ISIC_0001131,36518208
ISIC_0001133,932800553
ISIC_0001140,396593912
ISIC_0001134,970294325
ISIC_0001140,451289580
ISIC_0001134,302241918
ISIC_0001142,153477160
ISIC_0001142,838342972
ISIC_0001142,885504758
ISIC_0001152,363080355
ISIC_0001152,688731321
ISIC_0001142,194210535
ISIC_0001152,22901025
ISIC_0001148,23738252
ISIC_0001152,387145292
ISIC_0001148,1064980111
ISIC_0001148,647209916
ISIC_0001148,656912046
ISIC_0001960,150671875
ISIC_0002093,295183954
ISIC_0002206,529750806
ISIC_0002107,390067606
ISIC_0002353,403431339
ISIC_0002374,123684185
ISIC_0002438,588437932
ISIC_0002459,17661991
ISIC_0002439,845729015
ISIC_0002476,195172311
ISIC_0002489,984258201
ISIC_0002673,705706393
ISIC_0002647,319428247
ISIC_0002780,1061588731
ISIC_0002879,19592971
ISIC_0002948,846458800
ISIC_0002806,434533993
ISIC_0002871,915269465
ISIC_0002885,144269924
ISIC_0003005,635234631
ISIC_0002975,174123346
ISIC_0003308,851798213
ISIC_0004110,473758944
ISIC_0003346,890802032
ISIC_0004715,310943739
ISIC_0004346,928212468
ISIC_0004168,897538866
ISIC_0005548,880692002
ISIC_0005000,384410487
ISIC_0005620,924810341
ISIC_0005666,407156953
ISIC_0006326,1061289898
ISIC_0006612,345440086
ISIC_0006982,938424234
ISIC_0006711,976018379
ISIC_0006940,221467779
ISIC_0007475,25969110
ISIC_0008280,243568070
ISIC_0008294,357517946
ISIC_0008029,689439628
ISIC_0008145,1012812050
ISIC_0008403,380186256
ISIC_0008236,547624828
ISIC_0008207,225535809
ISIC_0008406,1035490182
ISIC_0008507,614298867
ISIC_0008785,736016830
ISIC_0008552,480395941
ISIC_0008659,963532423
ISIC_0008879,969061429
ISIC_0008998,460097117
ISIC_0009165,434341901
ISIC_0009188,783175906
ISIC_0009297,292545982
ISIC_0009298,976701508
ISIC_0009504,654237808
ISIC_0009533,751243613
ISIC_0009758,366572649
ISIC_0009868,6271533
ISIC_0009868,945169461
ISIC_0009868,269135012
ISIC_0009868,193389723
ISIC_0009871,505731212
ISIC_0009873,244081983
ISIC_0009583,435634182
ISIC_0009879,671661841
ISIC_0009875,751875944
ISIC_0009882,191552853
ISIC_0009882,546463294
ISIC_0009882,869994541
ISIC_0009882,466378861
ISIC_0009884,301622370
ISIC_0009885,814833720
ISIC_0009897,1050701955
ISIC_0009897,832227809
ISIC_0009897,499633768
ISIC_0009898,899832849
ISIC_0009895,261688313
ISIC_0009897,240232092
ISIC_0009898,595272416
ISIC_0009899,812892840
ISIC_0009898,474960094
ISIC_0009898,988239584
ISIC_0009901,484246899
ISIC_0009906,702856305
ISIC_0009905,986753558
ISIC_0009905,799500882
ISIC_0009905,495022702
ISIC_0009905,509352645
ISIC_0009910,328154864
ISIC_0009910,389637517
ISIC_0009910,987149269
ISIC_0009911,638615922
ISIC_0009910,351653943
ISIC_0009912,369984886
ISIC_0009914,1034852134
ISIC_0009918,255488156
ISIC_0009918,1042323691
ISIC_0009919,946275738
ISIC_0009918,184318647
ISIC_0009921,776480272
ISIC_0009918,98452950
ISIC_0009925,696103070
ISIC_0009930,677176825
ISIC_0009933,273447174
ISIC_0009935,41040717
ISIC_0009937,783610684
ISIC_0009938,395479006
ISIC_0009941,116262115
ISIC_0009942,176692706
ISIC_0009940,821003320
ISIC_0009943,224399378
ISIC_0009949,775839363
ISIC_0009950,936563236
ISIC_0009950,244436659
ISIC_0009950,1030101831
ISIC_0009953,394633529
ISIC_0009950,609452496
ISIC_0009956,646461702
ISIC_0009955,245445516
ISIC_0009958,950987640
ISIC_0009955,368375402
ISIC_0009960,35076853
ISIC_0009962,980742208
ISIC_0009955,470956819
ISIC_0009960,866208958
ISIC_0009955,578258679
ISIC_0009960,34320326
ISIC_0009960,578040158
ISIC_0009968,395836485
ISIC_0009967,549417131
ISIC_0009971,177199804
ISIC_0009971,437202348
ISIC_0009972,277831997
ISIC_0009971,406245964
ISIC_0009974,78152580
ISIC_0009971,604496932
ISIC_0009975,570919626
ISIC_0009977,607271733
ISIC_0009982,566559108
ISIC_0010002,964136307
ISIC_0009987,343430456
ISIC_0009993,397986000
ISIC_0009991,1056615828
ISIC_0009994,90369398
ISIC_0009993,383796024
ISIC_0010000,207270096
ISIC_0009993,290345489
ISIC_0010000,135486850
ISIC_0009993,201545879
ISIC_0010000,733735232
ISIC_0010000,373710270
ISIC_0010003,601349873
ISIC_0010011,940730756
ISIC_0010011,479296827
ISIC_0010011,842725432
ISIC_0010016,1044861253
ISIC_0010011,174824310
ISIC_0010016,485445872
ISIC_0010016,181958639
ISIC_0010017,580466133
ISIC_0010016,869888135
ISIC_0010019,756425265
ISIC_0010021,545938359
ISIC_0010028,1530808
ISIC_0010024,983245554
ISIC_0010025,784715006
ISIC_0010024,211314788
ISIC_0010024,834552875
ISIC_0010029,711467864
ISIC_0010024,203198336
ISIC_0010029,137924868
ISIC_0010040,895980083
ISIC_0010029,863320379
ISIC_0010036,452168718
ISIC_0010034,699716369
ISIC_0010029,659874680
ISIC_0010036,599144343
ISIC_0010034,747366522
ISIC_0010036,1042965159
ISIC_0010034,484101794
ISIC_0010043,871309442
ISIC_0010036,878694291
ISIC_0010034,240572307
ISIC_0010047,948499096
ISIC_0010053,481045395
ISIC_0010046,52785399
ISIC_0010054,537578407
ISIC_0010054,845839257
ISIC_0010054,698486811
ISIC_0010055,606795433
ISIC_0010057,297577456
ISIC_0010054,1063400575
ISIC_0010059,291975923
ISIC_0010062,525895826
ISIC_0010060,157363377
ISIC_0010066,30707432
ISIC_0010064,261180422
ISIC_0010069,442400775
ISIC_0010067,972066647
ISIC_0010067,526752735
ISIC_0010070,1035402493
ISIC_0010067,766813665
ISIC_0010067,957257845
ISIC_0010074,282726027
ISIC_0010075,31093456
ISIC_0010077,944407092
ISIC_0010081,329306268
ISIC_0010080,529676598
ISIC_0010081,222895459
ISIC_0010080,448584748
ISIC_0010081,481836173
ISIC_0010089,479190269
ISIC_0010080,438135723
ISIC_0010081,736054053
ISIC_0010089,903887542
ISIC_0010080,157853847
ISIC_0010089,216815447
ISIC_0010089,925801158
ISIC_0010094,120670346
ISIC_0010094,354024457
ISIC_0010094,118240313
ISIC_0010094,279348451
ISIC_0010104,933308901
ISIC_0010173,80313146
ISIC_0010171,1037193054
ISIC_0010171,999506676
ISIC_0010171,780716094
ISIC_0010171,793144150
ISIC_0010174,896953028
ISIC_0010174,731033274
ISIC_0010182,197810362
ISIC_0010174,87096527
ISIC_0010174,67776751
ISIC_0010180,339080294
ISIC_0010186,20035355
ISIC_0010184,127441243
ISIC_0010187,637705686
ISIC_0010194,279026917
ISIC_0010193,893753575
ISIC_0010194,424796453
ISIC_0010194,562257080
ISIC_0010194,1010944754
ISIC_0010207,445170921
ISIC_0010206,595943972
ISIC_0010207,297297089
ISIC_0010207,249562321
ISIC_0010215,636262132
ISIC_0010207,831143454
ISIC_0010229,884506540
ISIC_0010225,695138529
ISIC_0010233,49632024
ISIC_0010225,17976762
ISIC_0010231,842939113
ISIC_0010225,537279019
ISIC_0010231,454343403
ISIC_0010225,827240081
ISIC_0010231,564569681
ISIC_0010231,736685074
ISIC_0010237,489862362
ISIC_0010244,642509113
ISIC_0010240,607927966
ISIC_0010241,837888168
ISIC_0010240,939195931
ISIC_0010246,490423144
ISIC_0010241,1070862068
ISIC_0010240,277721686
ISIC_0010241,258115393
ISIC_0010240,153601023
ISIC_0010241,841366406
ISIC_0010247,573736699
ISIC_0010249,212911644
ISIC_0010251,123636767
ISIC_0010251,235894437
ISIC_0010251,586093723
ISIC_0010251,1053984723
ISIC_0010257,332654604
ISIC_0010261,591603469
ISIC_0010262,199525748
ISIC_0010265,885516265
ISIC_0010265,479030407
ISIC_0010267,772931342
ISIC_0010265,1045466706
ISIC_0010317,424271055
ISIC_0010267,449994530
ISIC_0010265,64663699
ISIC_0010267,407495627
ISIC_0010267,508580128
ISIC_0010320,468549476
ISIC_0010330,484958990
ISIC_0010329,19879333
ISIC_0010329,978150418
ISIC_0010332,707567274
ISIC_0010329,162637518
ISIC_0010329,813668884
ISIC_0010334,16262434
ISIC_0010337,724510329
ISIC_0010339,995067321
ISIC_0010340,261629961
ISIC_0010341,658729457
ISIC_0010344,90264842
ISIC_0010350,1005353777
ISIC_0010350,315705374
ISIC_0010356,935427291
ISIC_0010357,718702356
ISIC_0010350,624055872
ISIC_0010358,389585861
ISIC_0010350,683894579
ISIC_0010360,374680094
ISIC_0010358,704031147
ISIC_0010364,129942654
ISIC_0010358,4052213
ISIC_0010364,546095902
ISIC_0010360,626350003
ISIC_0010358,539424142
ISIC_0010364,999193291
ISIC_0010360,548421402
ISIC_0010365,584222399
ISIC_0010364,755353262
ISIC_0010367,467731228
ISIC_0010372,453952530
ISIC_0010372,226392579
ISIC_0010372,264879830
ISIC_0010374,448884708
ISIC_0010372,601006831
ISIC_0010379,619906031
ISIC_0010379,851208691
ISIC_0010435,134593192
ISIC_0010379,257125726
ISIC_0010441,557664915
ISIC_0010379,826232333
ISIC_0010441,519271235
ISIC_0010441,884548504
ISIC_0010441,777346004
ISIC_0010444,744964246
ISIC_0010447,737237804
ISIC_0010458,421407794
ISIC_0010460,690292198
ISIC_0010466,973877396
ISIC_0010466,1021893048
ISIC_0010466,47652280
ISIC_0010466,433658824
ISIC_0010468,434497637
ISIC_0010474,577305006
ISIC_0010473,206398730
ISIC_0010468,399526282
ISIC_0010476,1059241527
ISIC_0010468,280028848
ISIC_0010476,308419208
ISIC_0010468,971987711
ISIC_0010480,1068598850
ISIC_0010476,840126210
ISIC_0010477,324318619
ISIC_0010476,873312920
ISIC_0010481,149706058
ISIC_0010483,690414350
ISIC_0010488,664148646
ISIC_0010490,848456992
ISIC_0010492,507262729
ISIC_0010493,173692606
ISIC_0010552,70535302
ISIC_0010497,259891367
ISIC_0010554,916420678
ISIC_0010558,877685425
ISIC_0010562,502189609
ISIC_0010565,449842980
ISIC_0010573,468669996
ISIC_0010570,723643019
ISIC_0010582,607498568
ISIC_0010585,87272875
ISIC_0010587,799962615
ISIC_0010589,197935609
ISIC_0010587,954070577
ISIC_0010587,204736597
ISIC_0010591,558780756
ISIC_0010587,577407677
ISIC_0010591,663908527
ISIC_0010592,409990089
ISIC_0010591,750318634
ISIC_0010596,114320520
ISIC_0010593,924895868
ISIC_0010591,685349651
ISIC_0010596,656676937
ISIC_0010597,884184786
ISIC_0010596,602592564
ISIC_0010597,402877183
ISIC_0010596,519576591
ISIC_0010597,506129025
ISIC_0010599,885004226
ISIC_0010603,228841811
ISIC_0010597,661527703
ISIC_0010607,156617031
ISIC_0010847,1032549080
ISIC_0010848,660827607
ISIC_0010851,480841031
ISIC_0010850,507294139
ISIC_0010852,896384935
ISIC_0010854,29641844
ISIC_0010852,389446184
ISIC_0010852,430103252
ISIC_0010852,967885668
ISIC_0010856,949452886
ISIC_0010857,647252822
ISIC_0010860,700838679
ISIC_0010858,96185636
ISIC_0010860,225465398
ISIC_0010861,536587071
ISIC_0010860,822131249
ISIC_0010863,779840534
ISIC_0010860,397860306
ISIC_0010862,960164712
ISIC_0010864,757249861
ISIC_0010862,321859423
ISIC_0010863,1067831447
ISIC_0011082,243021259
ISIC_0010863,143728016
ISIC_0010862,19040482
ISIC_0010862,622222491
ISIC_0011083,856540866
ISIC_0011085,421962283
ISIC_0011095,1057436107
ISIC_0011095,142073550
ISIC_0011095,265501743
ISIC_0011095,88212093
ISIC_0011099,89288384
ISIC_0011098,847313810
ISIC_0011099,325215596
ISIC_0011099,333155215
ISIC_0011099,1049071967
ISIC_0011107,256876156
ISIC_0011112,524698813
ISIC_0011112,30303271
ISIC_0011112,832477154
ISIC_0011112,68724296
ISIC_0011118,740672095
ISIC_0011119,345755707
ISIC_0011118,24983203
ISIC_0011118,87586723
ISIC_0011121,502885023
ISIC_0011118,80372846
ISIC_0011126,744492249
ISIC_0011121,849361592
ISIC_0011126,910842570
ISIC_0011121,921092977
ISIC_0011126,196551867
ISIC_0011121,205911214
ISIC_0011127,257786868
ISIC_0011126,404164156
ISIC_0011131,8351414
ISIC_0011130,386284117
ISIC_0011130,376370590
ISIC_0011132,439738246
ISIC_0011130,879036819
ISIC_0011135,646014021
ISIC_0011132,675205943
ISIC_0011130,440340746
ISIC_0011135,918580594
ISIC_0011132,2652798
ISIC_0011136,797816195
ISIC_0011135,337628784
ISIC_0011132,260877046
ISIC_0011136,794860587
ISIC_0011135,180242879
ISIC_0011136,123940146
ISIC_0011136,332752911
ISIC_0011137,289594341
ISIC_0011140,1072886443
ISIC_0011137,942032901
ISIC_0011140,977869996
ISIC_0011137,432065944
ISIC_0011140,880713391
ISIC_0011137,861873816
ISIC_0011143,900669603
ISIC_0011140,775716903
ISIC_0011145,1005460420
ISIC_0011155,510041871
ISIC_0011157,302687579
ISIC_0011158,203156747
ISIC_0011158,993691299
ISIC_0011158,376372551
ISIC_0011161,185101272
ISIC_0011163,265680654
ISIC_0011158,352314549
ISIC_0011161,425491647
ISIC_0011163,200151841
ISIC_0011161,600131078
ISIC_0011163,949663831
ISIC_0011166,105924081
ISIC_0011161,894576131
ISIC_0011163,186408080
ISIC_0011167,255972029
ISIC_0011166,512565864
ISIC_0011169,375006731
ISIC_0011166,265207016
ISIC_0011168,540232182
ISIC_0011170,469928872
ISIC_0011169,334061212
ISIC_0011166,780193256
ISIC_0011169,503173445
ISIC_0011169,3754507
ISIC_0011173,116402069
ISIC_0011176,834263949
ISIC_0011176,27775482
ISIC_0011176,993040253
ISIC_0011176,584517162
ISIC_0011207,243991730
ISIC_0011208,402085864
ISIC_0011210,779686269
ISIC_0011212,746233744
ISIC_0011210,135971412
ISIC_0011210,460153438
ISIC_0011213,3970270
ISIC_0011210,727131054
ISIC_0011215,379814798
ISIC_0011218,1018414301
ISIC_0011217,772954135
ISIC_0011219,633768920
ISIC_0011224,231804691
ISIC_0011220,446037460
ISIC_0011229,657525389
ISIC_0011294,383273815
ISIC_0011296,719479702
ISIC_0011298,395123204
ISIC_0011300,602398089
ISIC_0011297,199184031
ISIC_0011303,72936666
ISIC_0011305,832885338
ISIC_0011305,594767065
ISIC_0011305,943412974
ISIC_0011305,904833846
ISIC_0011310,605056114
ISIC_0011321,34183485
ISIC_0011317,864868136
ISIC_0011315,594938097
ISIC_0011315,834859328
ISIC_0011315,516758339
ISIC_0011315,181735847
ISIC_0011328,935361999
ISIC_0011333,177559593
ISIC_0011336,776686301
ISIC_0011344,14375211
ISIC_0011344,96528417
ISIC_0011344,116507680
ISIC_0011347,599938440
ISIC_0011348,609156212
ISIC_0011344,1032634454
ISIC_0011349,943000405
ISIC_0011359,127414371
ISIC_0011348,929952581
ISIC_0011349,283811760
ISIC_0011348,553662696
ISIC_0011349,522786506
ISIC_0011348,371018931
ISIC_0011349,433698315
ISIC_0011361,33155084
ISIC_0011367,855327143
ISIC_0011366,514095597
ISIC_0011366,702363319
ISIC_0011384,1043119
ISIC_0011366,564222528
ISIC_0011382,1055821188
ISIC_0011366,726140470
ISIC_0011386,329000703
ISIC_0011387,183564609
ISIC_0011393,816827670
ISIC_0011387,842651258
ISIC_0011387,909494178
ISIC_0011397,757787332
ISIC_0011387,22452636
ISIC_0011402,469492592
ISIC_0012102,620489538
ISIC_0012108,743365558
ISIC_0012117,685014868
ISIC_0012089,501331510
ISIC_0012118,504530175
ISIC_0012141,726383244
ISIC_0012090,463985664
ISIC_0012137,957343136
ISIC_0012137,986281909
ISIC_0012137,634879120
ISIC_0012137,1069151479
ISIC_0012155,1039297229
ISIC_0012172,1043543439
ISIC_0012173,635513328
ISIC_0012177,813637508
ISIC_0012183,37188466
ISIC_0012187,773216441
ISIC_0012203,492095276
ISIC_0012205,167509187
ISIC_0012208,558760475
ISIC_0012211,280921420
ISIC_0012208,644556632
ISIC_0012208,1064303473
ISIC_0012208,349934493
ISIC_0012213,622574965
ISIC_0012227,819047390
ISIC_0012228,347890049
ISIC_0012232,645720457
ISIC_0012233,813149872
ISIC_0012237,584532913
ISIC_0012238,253525946
ISIC_0012245,611806082
ISIC_0012257,889095381
ISIC_0012274,53543531
ISIC_0012259,745755068
ISIC_0012263,354225375
ISIC_0012290,841945415
ISIC_0012290,1067330856
ISIC_0012282,102352892
ISIC_0012290,45690073
ISIC_0012294,402599699
ISIC_0012290,258551357
ISIC_0012299,95120259
ISIC_0012298,625672536
ISIC_0012298,894202992
ISIC_0012298,439064962
ISIC_0012322,172786335
ISIC_0012309,569418325
ISIC_0012298,615860184
ISIC_0012324,446980457
ISIC_0012332,774284806
ISIC_0012334,17633432
ISIC_0012338,777183045
ISIC_0012339,245846613
ISIC_0012348,984614851
ISIC_0012359,397813930
ISIC_0012348,984288705
ISIC_0012360,706858648
ISIC_0012348,176138122
ISIC_0012348,933711825
ISIC_0012376,500495368
ISIC_0012374,305705865
ISIC_0012377,591298389
ISIC_0012378,813642257
ISIC_0012379,899471345
ISIC_0012381,819161787
ISIC_0012382,243405964
ISIC_0012382,848607149
ISIC_0012382,540253392
ISIC_0012382,646473666
ISIC_0012386,383800690
ISIC_0012391,1036089717
ISIC_0012391,279344728
ISIC_0012391,890680684
ISIC_0012391,129204751
ISIC_0012413,119112334
ISIC_0012397,123823012
ISIC_0012435,275880888
ISIC_0012406,816277144
ISIC_0012435,1001034391
ISIC_0012416,950592396
ISIC_0012435,217930385
ISIC_0012435,270494785
ISIC_0012445,45358929
ISIC_0012450,842191424
ISIC_0012452,578381084
ISIC_0012459,479303446
ISIC_0012450,239497874
ISIC_0012450,869201701
ISIC_0012450,543757781
ISIC_0012473,460895106
ISIC_0012469,831184353
ISIC_0012481,904947378
ISIC_0012508,234139904
ISIC_0012512,385843784
ISIC_0012512,992381957
ISIC_0012518,731371089
ISIC_0012512,256530304
ISIC_0012520,331662439
ISIC_0012512,117467766
ISIC_0012527,267245292
ISIC_0012526,92014249
ISIC_0012539,557140780
ISIC_0012655,325174064
ISIC_0012653,731442777
ISIC_0012543,935328959
ISIC_0012549,972260962
ISIC_0012665,780354777
ISIC_0012666,30726658
ISIC_0012670,536889056
ISIC_0012672,788459622
ISIC_0012673,468295274
ISIC_0012674,478757428
ISIC_0012675,1053011980
ISIC_0012678,727565071
ISIC_0012680,38507502
ISIC_0012678,437553785
ISIC_0012678,658908398
ISIC_0012678,513358219
ISIC_0012685,389321100
ISIC_0012682,375195131
ISIC_0012690,353471029
ISIC_0012693,519239262
ISIC_0012696,219029802
ISIC_0012697,627411393
ISIC_0012699,537526171
ISIC_0012701,702409249
ISIC_0012701,958777736
ISIC_0012702,362524049
ISIC_0012701,563483942
ISIC_0012701,629925302
ISIC_0012706,757901840
ISIC_0012710,541016484
ISIC_0012711,668694442
ISIC_0012715,83920913
ISIC_0012715,1013182174
ISIC_0012715,885002204
ISIC_0012719,959473707
ISIC_0012715,347712701
ISIC_0012721,867082493
ISIC_0012726,742134947
ISIC_0012735,452125463
ISIC_0012741,425251170
ISIC_0012749,925213466
ISIC_0012749,39900525
ISIC_0012770,1302841
ISIC_0012749,634345482
ISIC_0012756,1001673402
ISIC_0012768,406092057
ISIC_0012749,763305905
ISIC_0012756,1030615198
ISIC_0012777,364554018
ISIC_0012756,748279678
ISIC_0012787,474924284
ISIC_0012756,73952092
ISIC_0012788,715649922
ISIC_0012811,712099919
ISIC_0012800,1067347800
ISIC_0012804,893942744
ISIC_0012813,628769572
ISIC_0012826,807660730
ISIC_0012823,176184346
ISIC_0012827,19338216
ISIC_0012835,930619827
ISIC_0012844,574397269
ISIC_0012845,886033273
ISIC_0012851,924123414
ISIC_0012854,540476944
ISIC_0012855,295186747
ISIC_0012873,365149100
ISIC_0012871,189599232
ISIC_0012877,696755316
ISIC_0012887,481568226
ISIC_0012887,693378172
ISIC_0012888,1045811478
ISIC_0012887,311484731
ISIC_0012883,682033911
ISIC_0012887,229458457
ISIC_0012897,479184444
ISIC_0012901,312746858
ISIC_0012898,346587180
ISIC_0012902,914822057
ISIC_0012907,1024044611
ISIC_0012930,550015112
ISIC_0012930,661795646
ISIC_0012930,665303385
ISIC_0012930,136264743
ISIC_0012932,282375373
ISIC_0012945,1022362400
ISIC_0012940,981022064
ISIC_0012962,343248322
ISIC_0012969,800433172
ISIC_0012966,904582198
ISIC_0012998,416861541
ISIC_0012982,332272283
ISIC_0012988,168348470
ISIC_0012990,692774884
ISIC_0012988,738327761
ISIC_0012981,179094426
ISIC_0012990,779840028
ISIC_0012988,742618953
ISIC_0012990,533329459
ISIC_0012988,151428332
ISIC_0012990,889561701
ISIC_0013001,72950250
ISIC_0012999,250187279
ISIC_0013007,255964267
ISIC_0013014,490104081
ISIC_0013015,306792337
ISIC_0013023,602169581
ISIC_0013024,499047913
ISIC_0013025,583577254
ISIC_0013031,1038423508
ISIC_0013032,601659975
ISIC_0013037,606658233
ISIC_0013039,608651685
ISIC_0013040,515965564
ISIC_0013047,193432456
ISIC_0013053,256729803
ISIC_0013044,109695199
ISIC_0013056,304491695
ISIC_0013054,351261647
ISIC_0013065,257374209
ISIC_0013079,758678109
ISIC_0013063,518021911
ISIC_0013079,251689736
ISIC_0013079,40703529
ISIC_0013079,1059852444
ISIC_0013086,1034028363
ISIC_0013084,315626563
ISIC_0013088,362379984
ISIC_0013090,443961309
ISIC_0013092,182521745
ISIC_0013094,349733869
ISIC_0013106,1061092841
ISIC_0013112,868777842
ISIC_0013114,15809268
ISIC_0013121,1028850745
ISIC_0013129,309743731
ISIC_0013120,259718267
ISIC_0013124,342478456
ISIC_0013126,554947131
ISIC_0013141,183787798
ISIC_0013141,554564427
ISIC_0013141,562279941
ISIC_0013141,912707863
ISIC_0013163,20868698
ISIC_0013160,618473849
ISIC_0013166,43606850
ISIC_0013172,508414121
ISIC_0013165,828802642
ISIC_0013178,298604291
ISIC_0013181,946710036
ISIC_0013187,507103700
ISIC_0013184,786154988
ISIC_0013189,501458917
ISIC_0013196,503699710
ISIC_0013197,867469033
ISIC_0013184,554398469
ISIC_0013190,683101438
ISIC_0013184,549613316
ISIC_0013198,116926315
ISIC_0013184,1021419476
ISIC_0013200,221090147
ISIC_0013198,562236858
ISIC_0013201,715317963
ISIC_0013198,824340809
ISIC_0013205,463170406
ISIC_0013198,545472250
ISIC_0013207,97619762
ISIC_0013212,822276104
ISIC_0013213,732317596
ISIC_0013220,540675883
ISIC_0013223,315731149
ISIC_0013222,742538610
ISIC_0013227,922122003
ISIC_0013248,950446391
ISIC_0013238,289735394
ISIC_0013229,948308046
ISIC_0013243,353373478
ISIC_0013258,683435071
ISIC_0013258,167484102
ISIC_0013258,995001880
ISIC_0013258,428429724
ISIC_0013257,487186572
ISIC_0013274,381771226
ISIC_0013294,106144226
ISIC_0013302,235731923
ISIC_0013306,698542071
ISIC_0013315,461259832
ISIC_0013320,372128307
ISIC_0013326,602762883
ISIC_0013329,894383427
ISIC_0013330,250569266
ISIC_0013333,392110983
ISIC_0013334,1032896908
ISIC_0013340,116645508
ISIC_0013334,494394154
ISIC_0013334,49429544
ISIC_0013334,242914954
ISIC_0013346,780789406
ISIC_0013356,856700237
ISIC_0013359,388844750
ISIC_0013359,802253739
ISIC_0013365,312987331
ISIC_0013364,607610351
ISIC_0013359,856061382
ISIC_0013365,109190896
ISIC_0013359,106361635
ISIC_0013365,614537809
ISIC_0013369,2383703
ISIC_0013370,661847233
ISIC_0013365,486909627
ISIC_0013385,944292031
ISIC_0013390,736005352
ISIC_0013394,151404607
ISIC_0013395,351611904
ISIC_0013400,977253892
ISIC_0013409,208279582
ISIC_0013423,1003486511
ISIC_0013425,379167496
ISIC_0013427,718782808
ISIC_0013427,1048338864
ISIC_0013428,619772845
ISIC_0013429,135948714
ISIC_0013427,374986314
ISIC_0013429,637743766
ISIC_0013427,622450733
ISIC_0013429,524314947
ISIC_0013429,8713566
ISIC_0013432,190790802
ISIC_0013433,889374619
ISIC_0013434,244604394
ISIC_0013437,710314884
ISIC_0013489,823234262
ISIC_0013480,319063852
ISIC_0013490,52036599
ISIC_0013490,896758959
ISIC_0013490,1001603011
ISIC_0013490,561618790
ISIC_0013494,258779784
ISIC_0013498,342285616
ISIC_0013497,219838451
ISIC_0013499,560815995
ISIC_0013497,634956363
ISIC_0013499,835663815
ISIC_0013497,424094508
ISIC_0013525,556671975
ISIC_0013523,438347319
ISIC_0013500,343830781
ISIC_0013499,1064390187
ISIC_0013525,248568678
ISIC_0013497,144344951
ISIC_0013500,405175643
ISIC_0013525,359712900
ISIC_0013499,146347191
ISIC_0013525,955813505
ISIC_0013500,671438918
ISIC_0013500,889325165
ISIC_0013526,288515720
ISIC_0013517,629786132
ISIC_0013530,912452994
ISIC_0013530,409421829
ISIC_0013530,420295091
ISIC_0013530,1050903942
ISIC_0013558,1023901433
ISIC_0013554,170966407
ISIC_0013559,327035952
ISIC_0013572,7653931
ISIC_0013567,504641487
ISIC_0013572,422903465
ISIC_0013573,632412678
ISIC_0013567,524269487
ISIC_0013572,710326496
ISIC_0013573,8912301
ISIC_0013567,136351059
ISIC_0013572,646009855
ISIC_0013573,23703741
ISIC_0013567,797103266
ISIC_0013573,498336109
ISIC_0013578,904261108
ISIC_0013579,93155491
ISIC_0013578,665876686
ISIC_0013579,1219416
ISIC_0013581,884139109
ISIC_0013578,827340005
ISIC_0013579,275911749
ISIC_0013581,431625738
ISIC_0013584,638633179
ISIC_0013578,171117788
ISIC_0013585,497427639
ISIC_0013579,757425628
ISIC_0013581,121179113
ISIC_0013594,927310191
ISIC_0013594,709750833
ISIC_0013581,1013733228
ISIC_0013594,1066193965
ISIC_0013594,1006976436
ISIC_0013597,759103807
ISIC_0013610,639849729
ISIC_0013610,418170085
ISIC_0013610,973214665
ISIC_0013610,987625678
ISIC_0013606,817561816
ISIC_0013606,993347943
ISIC_0013606,641647069
ISIC_0013626,185872264
ISIC_0013626,637100883
ISIC_0013618,297231480
ISIC_0013606,276329329
ISIC_0013626,29680266
ISIC_0013639,778265906
ISIC_0013618,905224743
ISIC_0013634,317900650
ISIC_0013626,295775341
ISIC_0013652,473309780
ISIC_0013639,564856224
ISIC_0013618,791871142
ISIC_0013652,927512879
ISIC_0013634,330338123
ISIC_0013639,112387955
ISIC_0013652,669334722
ISIC_0013618,809376877
ISIC_0013639,519905050
ISIC_0013652,799393195
ISIC_0013634,921018443
ISIC_0013634,163005217
ISIC_0013656,224406684
ISIC_0013664,355356601
ISIC_0013671,608938081
ISIC_0013671,140842744
ISIC_0013671,994501435
ISIC_0013672,561626058
ISIC_0013671,759381744
ISIC_0013672,1057037470
ISIC_0013675,827203199
ISIC_0013680,630969877
ISIC_0013674,600380438
ISIC_0013672,551262300
ISIC_0013676,576614740
ISIC_0013674,810091498
ISIC_0013672,407823916
ISIC_0013674,841872342
ISIC_0013674,663761266
ISIC_0013688,699575176
ISIC_0013706,313242962
ISIC_0013689,809512598
ISIC_0013690,428748382
ISIC_0013695,267538456
ISIC_0013721,387872088
ISIC_0013712,271338216
ISIC_0013740,858498115
ISIC_0013742,1057111944
ISIC_0013740,708097297
ISIC_0013740,280751135
ISIC_0013740,35396957
ISIC_0013749,14566898
ISIC_0013762,684249359
ISIC_0013765,536571129
ISIC_0013762,814622951
ISIC_0013762,602781791
ISIC_0013782,662671342
ISIC_0013775,597172350
ISIC_0013762,767261633
ISIC_0013777,593715202
ISIC_0013775,1042718723
ISIC_0013777,37022161
ISIC_0013775,1013380095
ISIC_0013777,117562481
ISIC_0013777,668401049
ISIC_0013775,106886158
ISIC_0013783,943308062
ISIC_0013783,1070814360
ISIC_0013795,309298207
ISIC_0013783,186631302
ISIC_0013798,123759087
ISIC_0013800,30597963
ISIC_0013783,749822358
ISIC_0013801,367261325
ISIC_0013802,414468369
ISIC_0013804,1029976605
ISIC_0013807,868349550
ISIC_0013806,535858437
ISIC_0013815,617410439
ISIC_0013815,558350324
ISIC_0013815,1069504764
ISIC_0013815,94381626
ISIC_0013831,725374782
ISIC_0013832,765379069
ISIC_0013831,307823074
ISIC_0013832,824118094
ISIC_0013832,267671821
ISIC_0013831,403439229
ISIC_0013832,904901331
ISIC_0013840,318528628
ISIC_0013831,764877077
ISIC_0013840,1052688614
ISIC_0013840,951354125
ISIC_0013844,591604789
ISIC_0013840,81407345
ISIC_0013835,24639627
ISIC_0013844,1060777577
ISIC_0013844,701324464
ISIC_0013844,453148580
ISIC_0013839,65535474
ISIC_0013839,373701427
ISIC_0013839,923733143
ISIC_0013839,389593674
ISIC_0013845,834742525
ISIC_0013845,1062322406
ISIC_0013861,157063570
ISIC_0013845,1023382623
ISIC_0013861,529664334
ISIC_0013845,965714487
ISIC_0013861,211296183
ISIC_0013861,351740488
ISIC_0013865,793640821
ISIC_0013865,817517953
ISIC_0013874,437719866
ISIC_0013865,1007832672
ISIC_0013879,121984184
ISIC_0013886,224380368
ISIC_0013874,92000684
ISIC_0013865,383406044
ISIC_0013874,1016971996
ISIC_0013874,56704072
ISIC_0013890,499232319
ISIC_0013910,149650503
ISIC_0013936,734029684
ISIC_0013927,265134640
ISIC_0013936,931428389
ISIC_0013936,280033097
ISIC_0013936,456100601
ISIC_0013958,584796627
ISIC_0013965,704621953
ISIC_0013961,102476995
ISIC_0013971,123954260
ISIC_0013975,922299418
ISIC_0013975,552443873
ISIC_0013975,911088091
ISIC_0013975,49231572
ISIC_0013969,931631697
ISIC_0013969,1026316537
ISIC_0013972,329305233
ISIC_0013969,699107987
ISIC_0013980,1024528102
ISIC_0013972,141916580
ISIC_0013984,658305612
ISIC_0013969,575471535
ISIC_0013984,402567489
ISIC_0013986,637945686
ISIC_0013972,1015784363
ISIC_0013984,263613077
ISIC_0013986,1006302642
ISIC_0013984,551004535
ISIC_0013986,1036347928
ISIC_0013972,331252342
ISIC_0013986,842051727
ISIC_0013995,345850218
ISIC_0013996,47198081
ISIC_0014013,220690923
ISIC_0013995,519362607
ISIC_0014013,464782296
ISIC_0013997,874600636
ISIC_0014013,510492568
ISIC_0013995,313383342
ISIC_0014001,675073427
ISIC_0014013,1046284173
ISIC_0013997,727770057
ISIC_0013995,500122201
ISIC_0013997,253387277
ISIC_0014028,859306742
ISIC_0013997,476591820
ISIC_0014026,180729839
ISIC_0014032,232238003
ISIC_0014044,99078212
ISIC_0014044,1579168
ISIC_0014046,201926609
ISIC_0014044,246750800
ISIC_0014061,425713286
ISIC_0014049,1060677435
ISIC_0014044,856010642
ISIC_0014062,90869622
ISIC_0014061,443001548
ISIC_0014049,580332428
ISIC_0014062,846291613
ISIC_0014061,356039919
ISIC_0014049,576605429
ISIC_0014062,636008465
ISIC_0014066,778245582
ISIC_0014061,775937111
ISIC_0014069,864298293
ISIC_0014049,688940802
ISIC_0014062,527020597
ISIC_0014072,287438214
ISIC_0014072,854623774
ISIC_0014072,1023726215
ISIC_0014072,957618706
ISIC_0014076,878141094
ISIC_0014076,463516229
ISIC_0014076,323312052
ISIC_0014079,729821452
ISIC_0014076,832977487
ISIC_0014079,302779700
ISIC_0014081,1013206935
ISIC_0014079,745934829
ISIC_0014082,957075264
ISIC_0014079,192740879
ISIC_0014082,207459547
ISIC_0014082,543200708
ISIC_0014082,156922716
ISIC_0014083,801686193
ISIC_0014088,652253306
ISIC_0014088,419777631
ISIC_0014089,828603644
ISIC_0014094,106559203
ISIC_0014088,469434466
ISIC_0014092,23867937
ISIC_0014088,775939316
ISIC_0014092,235148048
ISIC_0014092,439382750
ISIC_0014092,517807968
ISIC_0014099,614341349
ISIC_0014108,19280294
ISIC_0014099,939024757
ISIC_0014108,252167991
ISIC_0014099,486502413
ISIC_0014108,602330175
ISIC_0014099,269228731
ISIC_0014108,268392111
ISIC_0014120,198211048
ISIC_0014127,962300551
ISIC_0014133,1035346324
ISIC_0014127,390349984
ISIC_0014132,852143896
ISIC_0014133,545846903
ISIC_0014127,897837322
ISIC_0014132,453352052
ISIC_0014133,723207869
ISIC_0014127,2430835
ISIC_0014132,164446781
ISIC_0014133,129657206
ISIC_0014132,936825400
ISIC_0014136,1054928282
ISIC_0014144,481278641
ISIC_0014136,453482079
ISIC_0014144,660643552
ISIC_0014136,354562644
ISIC_0014144,525559243
ISIC_0014136,46891069
ISIC_0014144,644615306
ISIC_0014151,495858091
ISIC_0014151,496560102
ISIC_0014156,105746354
ISIC_0014151,184992361
ISIC_0014156,424887548
ISIC_0014151,191914839
ISIC_0014157,280262145
ISIC_0014156,618206065
ISIC_0014157,305679179
ISIC_0014156,377675472
ISIC_0014157,585708897
ISIC_0014157,158571839
ISIC_0014163,468996687
ISIC_0014163,484029707
ISIC_0014163,430542694
ISIC_0014163,458201258
ISIC_0014171,311299459
ISIC_0014169,92007453
ISIC_0014171,14637514
ISIC_0014171,433195946
ISIC_0014173,278216519
ISIC_0014179,492064165
ISIC_0014171,140271242
ISIC_0014173,452181454
ISIC_0014174,425934966
ISIC_0014173,684811739
ISIC_0014183,820613218
ISIC_0014173,307292886
ISIC_0014183,216138032
ISIC_0014183,305192449
ISIC_0014183,140642751
ISIC_0014185,560752224
ISIC_0014187,1019566670
ISIC_0014189,908838364
ISIC_0014190,79600487
ISIC_0014187,496161025
ISIC_0014190,91902997
ISIC_0014189,1025531385
ISIC_0014187,100602149
ISIC_0014190,475855971
ISIC_0014189,990970170
ISIC_0014187,253899115
ISIC_0014190,661595509
ISIC_0014189,514667464
ISIC_0014216,292598869
ISIC_0014225,3068089
ISIC_0014222,987402659
ISIC_0014222,506157098
ISIC_0014222,637401848
ISIC_0014229,360873886
ISIC_0014222,889899837
ISIC_0014229,507720963
ISIC_0014238,158025050
ISIC_0014229,731023783
ISIC_0014238,522539024
ISIC_0014229,170664703
ISIC_0014238,195496085
ISIC_0014238,651357958
ISIC_0014249,851460955
ISIC_0014249,265794973
ISIC_0014253,179599406
ISIC_0014249,1046089618
ISIC_0014249,124190552
ISIC_0014273,732239568
ISIC_0014286,200742128
ISIC_0014289,193909499
ISIC_0014289,243892277
ISIC_0014290,319386612
ISIC_0014289,655983329
ISIC_0014290,483551402
ISIC_0014291,794789305
ISIC_0014289,31797713
ISIC_0014290,889354763
ISIC_0014291,181798385
ISIC_0014308,910420723
ISIC_0014290,415389888
ISIC_0014291,295275059
ISIC_0014308,901749934
ISIC_0014311,445981307
ISIC_0014291,874264210
ISIC_0014308,754569290
ISIC_0014308,648085096
ISIC_0014316,447830531
ISIC_0014317,443063359
ISIC_0014316,18291
ISIC_0014324,50034912
ISIC_0014316,478884944
ISIC_0014324,908235958
ISIC_0014316,601633582
ISIC_0014324,133912554
ISIC_0014325,833741423
ISIC_0014324,571351707
ISIC_0014325,847836432
ISIC_0014325,822682373
ISIC_0014327,149488123
ISIC_0014325,449583521
ISIC_0014327,822723010
ISIC_0014327,956081064
ISIC_0014327,203739006
ISIC_0014331,1043709127
ISIC_0014331,494169609
ISIC_0014331,963868184
ISIC_0014337,877286658
ISIC_0014331,212946310
ISIC_0014337,754825746
ISIC_0014337,355595880
ISIC_0014337,723688034
ISIC_0014347,226063783
ISIC_0014347,451844232
ISIC_0014347,404416428
ISIC_0014347,695289937
ISIC_0014357,415347124
ISIC_0014360,297733683
ISIC_0014357,234714480
ISIC_0014361,66515384
ISIC_0014357,63042176
ISIC_0014360,552886367
ISIC_0014365,923588340
ISIC_0014361,860173211
ISIC_0014357,658159049
ISIC_0014360,27785605
ISIC_0014361,86028285
ISIC_0014366,1057115079
ISIC_0014360,881405575
ISIC_0014361,504784511
ISIC_0014366,133803019
ISIC_0014372,349845104
ISIC_0014366,303681676
ISIC_0014372,42146296
ISIC_0014366,938174636
ISIC_0014372,31760860
ISIC_0014372,29595985
ISIC_0014385,508372659
ISIC_0014385,55259011
ISIC_0014385,808618905
ISIC_0014385,391643815
ISIC_0014395,933719762
ISIC_0014395,230608745
ISIC_0014395,1068833113
ISIC_0014395,285117123
ISIC_0014397,846006020
ISIC_0014422,923682861
ISIC_0014422,429749398
ISIC_0014422,697605052
ISIC_0014431,902310601
ISIC_0014432,433968019
ISIC_0014422,29893919
ISIC_0014438,595054920
ISIC_0014433,553818497
ISIC_0014440,523076584
ISIC_0014453,721055893
ISIC_0014469,515768390
ISIC_0014473,25420006
ISIC_0014475,699379605
ISIC_0014476,571646324
ISIC_0014480,665314846
ISIC_0014498,795677497
ISIC_0014476,239040230
ISIC_0014486,588340118
ISIC_0014480,625656569
ISIC_0014476,718909662
ISIC_0014486,488228278
ISIC_0014480,891409262
ISIC_0014476,751849360
ISIC_0014486,41907282
ISIC_0014480,240414461
ISIC_0014486,272656695
ISIC_0014501,873798034
ISIC_0014501,280399371
ISIC_0014501,59305323
ISIC_0014501,720322649
ISIC_0014511,406153463
ISIC_0014507,250403723
ISIC_0014507,487501757
ISIC_0014507,244816326
ISIC_0014507,548314654
ISIC_0014516,581152264
ISIC_0014518,370023180
ISIC_0014518,565140556
ISIC_0014518,659492065
ISIC_0014518,969178202
ISIC_0014525,412827823
ISIC_0014526,573410977
ISIC_0014525,942862320
ISIC_0014525,1001958760
ISIC_0014525,652660422
ISIC_0014527,556799799
ISIC_0014527,110365607
ISIC_0014527,401862151
ISIC_0014529,119793583
ISIC_0014527,811874718
ISIC_0014543,934840376
ISIC_0014545,844153876
ISIC_0014569,1027421480
ISIC_0014543,222533577
ISIC_0014545,213583687
ISIC_0014543,884476324
ISIC_0014557,246245831
ISIC_0014545,87520422
ISIC_0014570,843831532
ISIC_0014543,1035201676
ISIC_0014557,770962607
ISIC_0014545,398069370
ISIC_0014557,286408043
ISIC_0014557,321786704
ISIC_0014576,243034954
ISIC_0014583,342294594
ISIC_0014591,733059903
ISIC_0014596,188950946
ISIC_0014598,683423623
ISIC_0014599,285588310
ISIC_0014605,74171502
ISIC_0014606,670632984
ISIC_0014609,36951501
ISIC_0014612,470569246
ISIC_0014615,944278451
ISIC_0014621,238894662
ISIC_0014622,140343666
ISIC_0014628,717427378
ISIC_0014632,33529737
ISIC_0014630,655592226
ISIC_0014639,730497787
ISIC_0014640,215983938
ISIC_0014651,25846692
ISIC_0014654,841989250
ISIC_0014657,999159055
ISIC_0014680,631735136
ISIC_0014684,754123160
ISIC_0014685,257996394
ISIC_0014692,131927722
ISIC_0014707,991157989
ISIC_0014702,415070908
ISIC_0014711,760969945
ISIC_0014713,822136241
ISIC_0014715,910998669
ISIC_0014722,1037477409
ISIC_0014723,707628300
ISIC_0014724,873908738
ISIC_0014722,664794245
ISIC_0014722,128417360
ISIC_0014722,197103498
ISIC_0014730,124320677
ISIC_0014735,842598622
ISIC_0014731,973938739
ISIC_0014735,415741347
ISIC_0014735,107192302
ISIC_0014735,401364202
ISIC_0014742,905871034
ISIC_0014748,1060185243
ISIC_0014760,733573842
ISIC_0014762,204975216
ISIC_0014763,871747309
ISIC_0014769,774678645
ISIC_0014770,723033434
ISIC_0014771,654866461
ISIC_0014778,459923052
ISIC_0014779,615214346
ISIC_0014788,778810461
ISIC_0014791,221971889
ISIC_0014788,422941229
ISIC_0014788,636484743
ISIC_0014795,778220338
ISIC_0014788,474136118
ISIC_0014795,405062479
ISIC_0014797,575257659
ISIC_0014795,69920607
ISIC_0014802,35404536
ISIC_0014795,201374578
ISIC_0014803,336856598
ISIC_0014804,1032996004
ISIC_0014805,488570063
ISIC_0014806,1058044042
ISIC_0014811,334369377
ISIC_0014812,506558178
ISIC_0014819,454465329
ISIC_0014825,336258277
ISIC_0014834,126410783
ISIC_0014836,197777432
ISIC_0014832,1046511307
ISIC_0014838,1003683305
ISIC_0014832,821650101
ISIC_0014832,621262203
ISIC_0014832,114008824
ISIC_0014843,381778914
ISIC_0014849,963308551
ISIC_0014866,771789441
ISIC_0014851,1047699541
ISIC_0014869,596644873
ISIC_0014891,799733500
ISIC_0014897,452728057
ISIC_0014898,18888086
ISIC_0014891,796203100
ISIC_0014897,64754119
ISIC_0014891,431215263
ISIC_0014897,713403116
ISIC_0014903,930027520
ISIC_0014891,390241927
ISIC_0014897,767591333
ISIC_0014913,937044766
ISIC_0014915,616541822
ISIC_0014919,901406735
ISIC_0014922,501665608
ISIC_0014919,478260856
ISIC_0014920,158363918
ISIC_0014923,492487715
ISIC_0014922,809280363
ISIC_0014919,741506529
ISIC_0014920,173857250
ISIC_0014922,1073554444
ISIC_0014919,523434527
ISIC_0014920,644968441
ISIC_0014922,622823438
ISIC_0014925,195573625
ISIC_0014920,198861612
ISIC_0014933,408036840
ISIC_0014951,126054080
ISIC_0014951,384209572
ISIC_0014975,244694799
ISIC_0014983,103378821
ISIC_0014951,989872488
ISIC_0014975,80324491
ISIC_0014983,345636006
ISIC_0014987,381546769
ISIC_0014951,634879373
ISIC_0014975,45002448
ISIC_0014983,473049416
ISIC_0015005,481556709
ISIC_0014987,760470655
ISIC_0014975,318536985
ISIC_0015005,62669772
ISIC_0014983,726046504
ISIC_0014987,419565612
ISIC_0015032,513430867
ISIC_0015005,318927240
ISIC_0014987,922517664
ISIC_0015005,803071328
ISIC_0015045,638389319
ISIC_0015045,967838434
ISIC_0015045,364815950
ISIC_0015045,63624769
ISIC_0015079,291158394
ISIC_0015079,613200424
ISIC_0015079,520147077
ISIC_0015079,624802223
ISIC_0015082,544844869
ISIC_0015109,128609914
ISIC_0015082,668242282
ISIC_0015109,1032543911
ISIC_0015082,521479206
ISIC_0015109,743760292
ISIC_0015082,985475887
ISIC_0015109,331327058
ISIC_0015110,635115836
ISIC_0015153,446963199
ISIC_0015110,982110935
ISIC_0015112,503624689
ISIC_0015110,800855689
ISIC_0015110,678824433
ISIC_0015166,994989046
ISIC_0015166,9878923
ISIC_0015166,606628729
ISIC_0015166,357295773
ISIC_0015170,779589661
ISIC_0015182,925268366
ISIC_0015189,351344317
ISIC_0015190,203624858
ISIC_0015189,515503572
ISIC_0015190,912342046
ISIC_0015200,890528970
ISIC_0015189,919880923
ISIC_0015190,656977630
ISIC_0015200,84475546
ISIC_0015189,784388222
ISIC_0015190,415272603
ISIC_0015200,725149185
ISIC_0015200,621753296
ISIC_0015204,189492154
ISIC_0015219,3543801
ISIC_0015220,437083914
ISIC_0015204,831672371
ISIC_0015219,533599232
ISIC_0015204,86698
ISIC_0015219,312418864
ISIC_0015204,199674180
ISIC_0015260,713806148
ISIC_0015219,26814914
ISIC_0015284,754215144
ISIC_0015284,129257264
ISIC_0015284,839828220
ISIC_0015284,454921195
